OTRN_ID,OTRN_PYRAID,OTRN_PYEAID,OTRN_TRNTYP,OTRN_TRNAMT,OTRN_TRNDAT
3000001,100071,200034,OUTFLOW,14573.16,2024-12-27
3000002,100077,200023,INFLOW,6769.63,2025-11-14
3000003,100086,200075,OUTFLOW,8284.73,2025-03-16
3000004,100045,200052,OUTFLOW,7129.4,2024-09-18
3000005,100035,200088,OUTFLOW,10297.97,2026-07-22
3000006,100063,200026,OUTFLOW,3305.41,2025-05-24
3000007,100013,200100,INFLOW,2713.36,2026-03-31
3000008,100091,200095,INFLOW,6800.26,2025-04-21
3000009,100035,200017,OUTFLOW,6888.05,2025-11-29
3000010,100068,200018,INFLOW,8380.46,2024-11-28
3000011,100097,200067,OUTFLOW,14447.56,2026-01-25
3000012,100055,200089,OUTFLOW,7153.61,2025-06-28
3000013,100019,200056,OUTFLOW,3706.87,2025-07-28
3000014,100093,200041,INFLOW,14122.78,2026-02-22
3000015,100092,200066,OUTFLOW,6284.4,2025-03-25
3000016,100022,200045,INFLOW,11910.69,2025-09-12
3000017,100088,200036,OUTFLOW,1503.69,2025-09-07
3000018,100061,200057,INFLOW,1004.59,2025-07-28
3000019,100014,200046,INFLOW,10818.08,2025-01-27
3000020,100083,200035,OUTFLOW,6686.65,2025-11-05
3000021,100048,200023,INFLOW,6209.24,2026-04-20
3000022,100011,200084,OUTFLOW,5268.6,2024-09-07
3000023,100018,200001,INFLOW,6762.75,2025-02-03
3000024,100023,200027,INFLOW,5946.24,2025-08-22
3000025,100017,200074,INFLOW,6672.0,2025-11-04
3000026,100027,200050,OUTFLOW,1709.57,2025-03-12
3000027,100085,200021,OUTFLOW,11235.91,2026-05-07
3000028,100041,200076,INFLOW,12288.69,2026-02-20
3000029,100078,200073,INFLOW,6122.56,2026-08-10
3000030,100040,200022,INFLOW,1070.56,2025-11-24
3000031,100026,200087,INFLOW,7914.03,2024-08-16
3000032,100078,200050,OUTFLOW,14147.77,2024-10-23
3000033,100036,200074,OUTFLOW,5353.46,2025-08-29
3000034,100063,200042,OUTFLOW,7582.61,2026-06-02
3000035,100023,200032,INFLOW,11809.33,2025-04-21
3000036,100062,200005,INFLOW,7894.05,2026-01-29
3000037,100011,200001,INFLOW,14031.59,2025-08-30
3000038,100040,200085,INFLOW,13539.55,2026-04-08
3000039,100001,200072,INFLOW,10213.47,2025-11-02
3000040,100097,200011,INFLOW,8904.15,2025-08-13
3000041,100014,200097,INFLOW,2854.51,2025-01-05
3000042,100077,200005,INFLOW,5229.07,2024-08-21
3000043,100019,200005,INFLOW,3431.77,2025-09-11
3000044,100071,200016,OUTFLOW,640.03,2025-09-21
3000045,100031,200089,OUTFLOW,14427.55,2025-11-03
3000046,100008,200044,INFLOW,3692.63,2026-05-15
3000047,100023,200054,OUTFLOW,12210.51,2025-06-09
3000048,100051,200073,INFLOW,3620.8,2026-04-01
3000049,100069,200063,OUTFLOW,1070.73,2025-01-10
3000050,100048,200066,INFLOW,4096.18,2025-11-05
3000051,100027,200075,INFLOW,3925.2,2026-02-27
3000052,100014,200045,OUTFLOW,2392.01,2026-05-09
3000053,100094,200076,INFLOW,10148.93,2026-02-01
3000054,100049,200085,OUTFLOW,5937.07,2026-01-15
3000055,100096,200100,OUTFLOW,9434.7,2024-10-18
3000056,100076,200049,OUTFLOW,6241.47,2026-04-09
3000057,100028,200083,OUTFLOW,7483.53,2025-07-12
3000058,100025,200011,INFLOW,7352.14,2025-09-02
3000059,100090,200097,OUTFLOW,675.33,2025-01-24
3000060,100090,200008,OUTFLOW,9529.07,2025-08-03
3000061,100002,200074,INFLOW,9163.7,2024-08-27
3000062,100026,200041,INFLOW,14330.18,2026-01-21
3000063,100027,200001,INFLOW,3152.74,2025-10-30
3000064,100075,200016,OUTFLOW,11716.23,2025-06-22
3000065,100049,200098,OUTFLOW,12785.9,2025-11-12
3000066,100011,200051,OUTFLOW,4686.32,2025-05-02
3000067,100071,200078,INFLOW,3263.3,2025-05-14
3000068,100061,200005,OUTFLOW,7998.99,2026-04-14
3000069,100095,200044,INFLOW,2295.15,2026-04-24
3000070,100003,200076,INFLOW,8478.19,2024-07-05
3000071,100061,200047,INFLOW,9323.59,2024-10-10
3000072,100075,200070,OUTFLOW,1411.8,2024-07-27
3000073,100058,200062,INFLOW,9160.45,2025-01-31
3000074,100010,200071,OUTFLOW,1608.05,2025-12-09
3000075,100013,200063,OUTFLOW,13998.41,2024-10-21
3000076,100098,200046,OUTFLOW,5115.23,2025-01-01
3000077,100079,200072,OUTFLOW,5826.85,2024-08-21
3000078,100008,200093,INFLOW,4445.09,2024-12-07
3000079,100050,200025,INFLOW,4713.68,2025-08-26
3000080,100027,200066,OUTFLOW,9802.69,2024-08-04
3000081,100007,200045,INFLOW,2093.75,2025-03-18
3000082,100034,200076,INFLOW,1708.01,2025-06-23
3000083,100061,200049,OUTFLOW,12090.27,2025-06-26
3000084,100005,200097,INFLOW,13347.23,2025-05-18
3000085,100001,200091,INFLOW,1920.24,2026-08-13
3000086,100013,200059,OUTFLOW,11886.87,2026-05-31
3000087,100094,200061,INFLOW,1688.22,2025-01-29
3000088,100067,200069,INFLOW,7328.26,2024-09-02
3000089,100053,200028,INFLOW,2230.19,2024-10-07
3000090,100065,200063,OUTFLOW,8611.93,2026-05-03
3000091,100085,200059,INFLOW,6800.83,2026-07-30
3000092,100014,200094,OUTFLOW,13275.69,2024-10-08
3000093,100005,200026,INFLOW,5553.32,2026-01-27
3000094,100048,200052,INFLOW,4323.46,2025-04-30
3000095,100049,200033,OUTFLOW,8684.78,2026-04-04
3000096,100071,200009,OUTFLOW,4443.17,2024-07-18
3000097,100083,200096,OUTFLOW,13331.89,2026-01-04
3000098,100010,200100,OUTFLOW,7450.2,2026-07-06
3000099,100029,200002,INFLOW,8593.98,2025-11-11
3000100,100022,200089,INFLOW,2506.66,2026-03-07
3000101,100017,200030,OUTFLOW,7067.81,2025-08-28
3000102,100082,200082,INFLOW,5205.79,2025-05-06
3000103,100019,200096,OUTFLOW,13128.35,2024-09-26
3000104,100071,200073,OUTFLOW,2380.08,2025-05-15
3000105,100020,200048,INFLOW,5305.09,2026-02-03
3000106,100076,200086,OUTFLOW,9571.61,2026-05-12
3000107,100030,200045,OUTFLOW,13429.16,2024-12-21
3000108,100020,200008,OUTFLOW,4410.54,2026-01-22
3000109,100077,200100,OUTFLOW,13120.65,2025-01-25
3000110,100002,200060,INFLOW,12986.8,2024-11-06
3000111,100094,200082,OUTFLOW,13172.35,2024-08-19
3000112,100060,200017,OUTFLOW,1998.7,2026-02-01
3000113,100027,200067,OUTFLOW,11672.27,2025-11-08
3000114,100062,200045,OUTFLOW,2655.42,2025-09-02
3000115,100096,200040,OUTFLOW,6352.06,2026-01-08
3000116,100074,200007,OUTFLOW,4693.78,2024-08-22
3000117,100022,200085,OUTFLOW,14763.89,2024-09-16
3000118,100056,200100,INFLOW,2656.51,2026-01-11
3000119,100070,200063,OUTFLOW,7338.6,2026-03-24
3000120,100055,200066,OUTFLOW,7924.31,2026-08-08
3000121,100024,200023,INFLOW,2197.0,2024-12-18
3000122,100093,200056,INFLOW,7729.76,2024-07-13
3000123,100097,200016,OUTFLOW,10566.76,2026-07-26
3000124,100012,200014,OUTFLOW,2118.03,2026-01-07
3000125,100027,200096,INFLOW,1734.49,2025-08-11
3000126,100081,200006,INFLOW,5646.54,2024-10-06
3000127,100033,200053,OUTFLOW,5959.87,2025-10-06
3000128,100022,200097,OUTFLOW,11729.8,2026-05-25
3000129,100045,200014,OUTFLOW,12974.59,2026-08-09
3000130,100039,200016,OUTFLOW,4793.23,2024-12-07
3000131,100072,200058,INFLOW,504.36,2026-03-13
3000132,100098,200074,INFLOW,7894.7,2026-02-05
3000133,100019,200025,OUTFLOW,12213.7,2025-05-07
3000134,100040,200042,INFLOW,8333.39,2026-07-22
3000135,100013,200017,INFLOW,1594.81,2025-05-02
3000136,100074,200005,INFLOW,10503.88,2025-09-29
3000137,100051,200055,INFLOW,1430.11,2025-08-21
3000138,100072,200033,OUTFLOW,3846.32,2025-08-23
3000139,100004,200024,OUTFLOW,3079.79,2024-07-07
3000140,100043,200032,INFLOW,13625.37,2026-06-11
3000141,100016,200040,INFLOW,14138.76,2025-03-10
3000142,100048,200061,INFLOW,7145.4,2025-08-25
3000143,100041,200060,OUTFLOW,2783.11,2025-11-25
3000144,100066,200003,OUTFLOW,12366.58,2025-08-24
3000145,100036,200046,OUTFLOW,12591.58,2024-07-23
3000146,100074,200069,OUTFLOW,11397.64,2024-08-10
3000147,100008,200082,OUTFLOW,898.6,2025-11-01
3000148,100037,200083,OUTFLOW,13182.25,2025-09-17
3000149,100043,200048,OUTFLOW,6835.31,2025-01-08
3000150,100057,200098,INFLOW,10321.3,2024-11-18
3000151,100070,200058,OUTFLOW,14332.09,2024-08-14
3000152,100079,200041,OUTFLOW,10337.55,2025-07-29
3000153,100021,200091,OUTFLOW,3080.66,2026-07-19
3000154,100022,200001,INFLOW,2992.84,2025-07-18
3000155,100060,200062,INFLOW,5352.31,2026-05-31
3000156,100088,200019,OUTFLOW,13825.32,2026-06-20
3000157,100010,200002,INFLOW,3077.52,2025-07-14
3000158,100028,200094,INFLOW,12159.79,2025-12-29
3000159,100024,200082,OUTFLOW,9826.7,2024-07-01
3000160,100035,200041,OUTFLOW,1537.19,2026-02-17
3000161,100018,200091,INFLOW,1395.9,2026-05-14
3000162,100063,200015,OUTFLOW,12978.78,2026-01-23
3000163,100093,200001,OUTFLOW,3518.67,2025-05-23
3000164,100096,200011,OUTFLOW,711.85,2025-06-22
3000165,100097,200091,OUTFLOW,12248.43,2025-01-31
3000166,100037,200012,OUTFLOW,10756.14,2025-02-20
3000167,100087,200051,OUTFLOW,5022.83,2025-10-05
3000168,100059,200080,OUTFLOW,4360.48,2025-12-24
3000169,100067,200095,OUTFLOW,7196.9,2025-01-23
3000170,100058,200050,OUTFLOW,10607.45,2024-09-01
3000171,100026,200020,INFLOW,11018.38,2026-05-31
3000172,100047,200029,OUTFLOW,13431.82,2024-12-30
3000173,100096,200026,INFLOW,7245.63,2025-01-13
3000174,100081,200029,INFLOW,10777.3,2025-04-24
3000175,100022,200053,OUTFLOW,11670.71,2025-05-25
3000176,100006,200006,INFLOW,7880.3,2025-07-24
3000177,100009,200044,INFLOW,9331.28,2025-09-06
3000178,100081,200036,OUTFLOW,9798.28,2025-05-11
3000179,100076,200046,INFLOW,1875.27,2025-07-17
3000180,100080,200096,INFLOW,4492.18,2024-10-18
3000181,100034,200057,INFLOW,5667.0,2025-02-16
3000182,100021,200025,INFLOW,3610.72,2025-09-12
3000183,100053,200010,INFLOW,7317.61,2025-05-29
3000184,100043,200011,OUTFLOW,3083.44,2026-04-16
3000185,100081,200040,OUTFLOW,5148.18,2024-11-27
3000186,100095,200086,INFLOW,8985.89,2026-02-23
3000187,100028,200077,INFLOW,816.6,2025-02-14
3000188,100093,200086,INFLOW,3290.26,2024-07-03
3000189,100049,200010,INFLOW,13222.78,2024-07-21
3000190,100002,200039,INFLOW,2248.53,2026-03-17
3000191,100009,200081,INFLOW,8107.82,2025-05-14
3000192,100098,200094,INFLOW,3331.85,2024-08-10
3000193,100078,200012,OUTFLOW,13257.49,2026-03-07
3000194,100098,200001,INFLOW,7958.2,2025-10-22
3000195,100025,200100,INFLOW,10268.33,2025-04-03
3000196,100076,200043,INFLOW,14983.6,2025-09-11
3000197,100045,200056,OUTFLOW,14555.38,2026-02-10
3000198,100057,200045,INFLOW,4617.07,2026-04-21
3000199,100086,200053,OUTFLOW,6854.79,2026-03-20
3000200,100030,200012,OUTFLOW,11178.54,2025-05-25
3000201,100046,200078,OUTFLOW,1812.95,2025-04-20
3000202,100053,200073,OUTFLOW,3209.19,2025-05-31
3000203,100079,200073,INFLOW,11005.77,2026-05-18
3000204,100080,200091,OUTFLOW,6656.73,2025-11-10
3000205,100082,200074,OUTFLOW,5411.5,2025-04-08
3000206,100051,200045,OUTFLOW,998.46,2026-05-29
3000207,100085,200082,INFLOW,10361.42,2026-01-04
3000208,100069,200015,INFLOW,1771.33,2025-06-04
3000209,100003,200008,OUTFLOW,10069.75,2026-03-28
3000210,100028,200031,OUTFLOW,5908.49,2025-03-10
3000211,100080,200049,INFLOW,5772.92,2024-12-17
3000212,100064,200031,INFLOW,4583.97,2024-09-10
3000213,100055,200090,INFLOW,2395.06,2025-10-28
3000214,100084,200079,INFLOW,3933.93,2026-05-07
3000215,100022,200097,INFLOW,11160.29,2026-02-19
3000216,100020,200037,OUTFLOW,2004.34,2025-12-04
3000217,100090,200023,INFLOW,1651.3,2024-11-16
3000218,100071,200014,OUTFLOW,7387.76,2024-08-25
3000219,100052,200004,INFLOW,2947.0,2024-08-30
3000220,100098,200092,INFLOW,8479.1,2026-05-02
3000221,100062,200025,INFLOW,14231.51,2024-10-05
3000222,100089,200009,INFLOW,5035.67,2025-02-05
3000223,100051,200039,INFLOW,795.61,2025-05-10
3000224,100031,200067,OUTFLOW,10149.14,2026-01-09
3000225,100080,200019,OUTFLOW,6408.82,2025-07-17
3000226,100076,200022,INFLOW,14947.71,2025-01-30
3000227,100063,200052,INFLOW,5643.29,2026-03-14
3000228,100017,200075,OUTFLOW,8553.9,2024-12-26
3000229,100039,200068,INFLOW,572.44,2025-06-23
3000230,100044,200011,OUTFLOW,6969.98,2025-11-14
3000231,100029,200010,INFLOW,5579.93,2024-10-21
3000232,100049,200031,OUTFLOW,12296.91,2026-07-30
3000233,100046,200078,INFLOW,8056.85,2026-04-04
3000234,100094,200078,INFLOW,8352.16,2025-06-05
3000235,100008,200080,OUTFLOW,9782.63,2024-12-12
3000236,100007,200033,INFLOW,1086.85,2024-09-12
3000237,100042,200019,OUTFLOW,522.6,2025-03-06
3000238,100013,200009,OUTFLOW,9878.73,2025-08-03
3000239,100013,200007,INFLOW,11288.92,2025-04-18
3000240,100019,200071,OUTFLOW,9864.72,2025-05-24
3000241,100013,200020,OUTFLOW,6748.75,2025-04-16
3000242,100062,200042,INFLOW,14699.02,2025-11-21
3000243,100076,200008,INFLOW,8221.47,2026-03-11
3000244,100080,200078,INFLOW,4964.36,2026-03-18
3000245,100078,200071,OUTFLOW,10655.14,2025-03-27
3000246,100097,200075,OUTFLOW,9684.6,2025-11-25
3000247,100099,200026,INFLOW,508.84,2025-11-10
3000248,100015,200058,INFLOW,11918.55,2026-01-18
3000249,100065,200059,OUTFLOW,9840.03,2025-01-28
3000250,100074,200018,OUTFLOW,7375.28,2025-03-02
3000251,100040,200028,INFLOW,3783.61,2024-12-31
3000252,100048,200043,OUTFLOW,10688.89,2026-06-23
3000253,100090,200026,OUTFLOW,11544.92,2025-10-11
3000254,100062,200056,OUTFLOW,6759.18,2025-10-26
3000255,100008,200064,OUTFLOW,5054.65,2026-07-19
3000256,100060,200026,INFLOW,12278.89,2025-12-01
3000257,100036,200055,INFLOW,14210.7,2025-09-08
3000258,100056,200040,INFLOW,11411.34,2025-03-16
3000259,100015,200073,INFLOW,11039.42,2025-04-13
3000260,100042,200041,OUTFLOW,11244.22,2025-04-23
3000261,100008,200008,INFLOW,6787.52,2025-05-16
3000262,100097,200011,INFLOW,10429.29,2026-01-22
3000263,100029,200059,OUTFLOW,1762.55,2024-07-03
3000264,100088,200059,OUTFLOW,13182.01,2026-04-01
3000265,100055,200005,OUTFLOW,13398.5,2026-04-29
3000266,100016,200095,INFLOW,3899.33,2024-07-30
3000267,100064,200016,OUTFLOW,7739.8,2024-09-17
3000268,100083,200045,INFLOW,11902.38,2026-02-07
3000269,100036,200041,OUTFLOW,1853.95,2026-01-03
3000270,100078,200091,INFLOW,7240.97,2025-01-18
3000271,100097,200040,OUTFLOW,6975.1,2026-03-16
3000272,100052,200032,OUTFLOW,2814.15,2026-02-20
3000273,100045,200092,INFLOW,9720.28,2025-04-12
3000274,100069,200003,INFLOW,13004.41,2025-07-15
3000275,100036,200080,OUTFLOW,4382.75,2025-02-13
3000276,100046,200040,OUTFLOW,14480.58,2026-07-01
3000277,100046,200100,OUTFLOW,3815.22,2025-12-31
3000278,100015,200012,INFLOW,13853.49,2025-03-06
3000279,100081,200056,INFLOW,6206.27,2024-07-18
3000280,100091,200048,OUTFLOW,4456.79,2024-11-09
3000281,100023,200081,OUTFLOW,14690.98,2026-01-04
3000282,100028,200084,OUTFLOW,11105.14,2025-02-26
3000283,100079,200089,OUTFLOW,11720.51,2026-05-12
3000284,100089,200068,INFLOW,9082.91,2025-06-23
3000285,100014,200043,INFLOW,14388.68,2025-07-30
3000286,100056,200049,OUTFLOW,8130.6,2025-03-02
3000287,100042,200013,OUTFLOW,10301.52,2024-09-23
3000288,100001,200007,OUTFLOW,4965.6,2026-05-19
3000289,100051,200020,OUTFLOW,5709.36,2024-07-14
3000290,100037,200079,INFLOW,6867.81,2025-01-17
3000291,100037,200038,OUTFLOW,5100.08,2025-06-18
3000292,100008,200065,OUTFLOW,6853.51,2025-03-29
3000293,100074,200053,OUTFLOW,4254.17,2025-01-08
3000294,100061,200035,OUTFLOW,2070.16,2025-01-31
3000295,100088,200022,OUTFLOW,13680.14,2025-05-20
3000296,100064,200086,INFLOW,6733.36,2025-03-29
3000297,100093,200016,OUTFLOW,2093.92,2025-06-12
3000298,100008,200080,INFLOW,6373.56,2025-07-22
3000299,100078,200093,INFLOW,6088.23,2024-08-26
3000300,100076,200019,OUTFLOW,6669.67,2026-02-07
3000301,100034,200075,INFLOW,835.91,2025-08-05
3000302,100077,200049,OUTFLOW,2719.53,2025-06-30
3000303,100014,200087,INFLOW,8421.88,2026-03-17
3000304,100081,200100,OUTFLOW,1942.53,2024-12-06
3000305,100091,200027,OUTFLOW,1035.81,2025-02-13
3000306,100071,200078,INFLOW,1271.51,2025-04-05
3000307,100075,200051,INFLOW,1543.51,2025-04-21
3000308,100081,200099,INFLOW,2513.27,2025-06-29
3000309,100087,200041,OUTFLOW,6892.74,2025-03-17
3000310,100027,200080,INFLOW,14380.1,2026-02-10
3000311,100071,200069,OUTFLOW,5906.81,2025-03-26
3000312,100014,200040,INFLOW,8785.6,2024-08-02
3000313,100012,200048,OUTFLOW,1280.11,2026-03-06
3000314,100092,200014,OUTFLOW,12563.44,2024-11-28
3000315,100010,200070,INFLOW,5025.53,2025-04-11
3000316,100033,200091,INFLOW,10846.26,2026-07-03
3000317,100056,200058,INFLOW,9366.03,2026-02-04
3000318,100043,200093,INFLOW,1589.1,2024-07-01
3000319,100084,200084,INFLOW,1124.5,2024-11-11
3000320,100041,200054,OUTFLOW,10929.52,2025-05-07
3000321,100052,200026,INFLOW,3446.19,2025-10-11
3000322,100077,200013,INFLOW,1988.69,2025-03-24
3000323,100098,200033,OUTFLOW,11681.83,2025-04-11
3000324,100072,200033,OUTFLOW,4320.36,2024-12-08
3000325,100048,200094,OUTFLOW,11068.68,2026-07-12
3000326,100020,200029,OUTFLOW,3251.74,2024-12-02
3000327,100099,200051,OUTFLOW,12868.26,2025-06-15
3000328,100039,200034,OUTFLOW,3690.21,2026-02-26
3000329,100031,200088,INFLOW,1813.21,2026-03-05
3000330,100079,200060,OUTFLOW,6754.71,2025-12-23
3000331,100058,200090,INFLOW,1626.32,2024-09-16
3000332,100071,200076,OUTFLOW,9463.73,2026-01-23
3000333,100055,200005,OUTFLOW,13858.92,2025-12-21
3000334,100007,200080,OUTFLOW,10290.98,2025-03-02
3000335,100044,200007,INFLOW,10977.47,2026-07-01
3000336,100072,200041,INFLOW,10928.19,2025-09-03
3000337,100018,200079,INFLOW,722.93,2024-10-23
3000338,100066,200022,OUTFLOW,8758.03,2026-07-26
3000339,100038,200062,INFLOW,2171.26,2025-07-02
3000340,100081,200033,OUTFLOW,4983.62,2024-09-16
3000341,100012,200035,INFLOW,1008.04,2026-01-20
3000342,100026,200021,OUTFLOW,9917.91,2026-03-04
3000343,100054,200047,OUTFLOW,10745.13,2024-11-28
3000344,100011,200081,OUTFLOW,4905.81,2025-12-27
3000345,100067,200034,INFLOW,9390.03,2025-12-19
3000346,100038,200001,OUTFLOW,650.39,2025-11-28
3000347,100025,200073,INFLOW,761.99,2025-08-27
3000348,100078,200009,INFLOW,12076.83,2025-03-28
3000349,100013,200023,OUTFLOW,12372.48,2026-06-14
3000350,100012,200081,INFLOW,7796.94,2025-03-29
3000351,100075,200010,OUTFLOW,14087.04,2024-10-29
3000352,100062,200067,OUTFLOW,3140.04,2026-04-17
3000353,100056,200042,OUTFLOW,8776.42,2024-11-03
3000354,100015,200085,INFLOW,10306.23,2025-12-26
3000355,100008,200015,OUTFLOW,8868.18,2025-05-26
3000356,100043,200089,INFLOW,4165.37,2026-05-24
3000357,100060,200035,OUTFLOW,7460.25,2025-07-30
3000358,100097,200092,INFLOW,9624.07,2025-09-17
3000359,100023,200033,OUTFLOW,8182.65,2024-12-31
3000360,100094,200001,OUTFLOW,1787.12,2025-03-07
3000361,100052,200015,INFLOW,13018.47,2026-04-29
3000362,100067,200051,INFLOW,8025.45,2026-05-05
3000363,100046,200071,INFLOW,5003.38,2025-01-17
3000364,100066,200017,OUTFLOW,2723.17,2025-10-15
3000365,100045,200037,OUTFLOW,11632.66,2025-08-16
3000366,100043,200010,INFLOW,7043.58,2025-01-17
3000367,100066,200056,OUTFLOW,8233.23,2026-02-21
3000368,100034,200085,INFLOW,6948.74,2025-08-09
3000369,100005,200010,INFLOW,14740.74,2025-05-01
3000370,100015,200032,OUTFLOW,609.59,2025-11-13
3000371,100075,200059,OUTFLOW,9123.18,2024-12-15
3000372,100069,200050,INFLOW,7537.08,2024-07-02
3000373,100042,200033,INFLOW,9372.72,2025-09-23
3000374,100075,200043,INFLOW,7314.17,2025-11-01
3000375,100059,200045,OUTFLOW,4252.55,2025-03-10
3000376,100049,200025,OUTFLOW,12907.26,2026-02-05
3000377,100053,200041,OUTFLOW,4407.32,2025-10-27
3000378,100017,200073,INFLOW,6313.73,2025-12-28
3000379,100080,200036,INFLOW,8428.75,2025-04-01
3000380,100015,200096,INFLOW,1121.01,2025-10-16
3000381,100002,200005,OUTFLOW,8233.38,2025-04-27
3000382,100079,200061,INFLOW,10091.79,2024-08-24
3000383,100085,200086,OUTFLOW,12276.22,2026-01-04
3000384,100031,200085,OUTFLOW,3805.8,2026-04-16
3000385,100011,200096,INFLOW,11438.9,2024-08-12
3000386,100043,200072,OUTFLOW,6883.02,2025-02-14
3000387,100097,200061,INFLOW,6660.07,2024-11-24
3000388,100003,200047,INFLOW,10928.53,2026-05-16
3000389,100032,200064,OUTFLOW,6559.61,2026-06-27
3000390,100063,200092,INFLOW,5989.59,2026-02-18
3000391,100036,200059,OUTFLOW,7032.29,2025-05-07
3000392,100075,200085,OUTFLOW,6779.85,2025-11-25
3000393,100031,200056,INFLOW,1381.07,2025-04-22
3000394,100090,200089,INFLOW,13854.95,2026-06-08
3000395,100032,200080,OUTFLOW,1731.04,2024-10-20
3000396,100073,200065,INFLOW,1571.57,2025-09-13
3000397,100065,200005,INFLOW,1355.49,2026-06-19
3000398,100005,200026,OUTFLOW,8220.8,2025-09-03
3000399,100013,200050,OUTFLOW,10790.87,2024-11-14
3000400,100076,200037,INFLOW,6028.73,2025-10-10
3000401,100012,200087,OUTFLOW,11555.32,2025-09-14
3000402,100005,200085,OUTFLOW,5460.27,2025-02-02
3000403,100080,200085,INFLOW,13922.29,2025-11-05
3000404,100043,200018,OUTFLOW,5790.74,2025-03-13
3000405,100003,200069,INFLOW,8983.67,2024-10-07
3000406,100087,200018,OUTFLOW,12648.89,2025-09-07
3000407,100074,200093,OUTFLOW,1882.13,2026-04-02
3000408,100005,200049,OUTFLOW,6647.32,2025-10-12
3000409,100023,200083,OUTFLOW,7775.54,2025-08-27
3000410,100078,200005,INFLOW,9458.73,2024-08-24
3000411,100056,200087,OUTFLOW,12514.63,2025-12-20
3000412,100023,200023,INFLOW,847.06,2026-05-03
3000413,100060,200046,OUTFLOW,9390.15,2025-08-26
3000414,100089,200062,INFLOW,1307.87,2025-05-04
3000415,100053,200065,OUTFLOW,6358.89,2025-08-10
3000416,100025,200084,OUTFLOW,12270.78,2024-10-04
3000417,100026,200098,INFLOW,11870.66,2025-12-27
3000418,100051,200044,OUTFLOW,3104.14,2025-11-16
3000419,100050,200059,INFLOW,12170.17,2025-12-24
3000420,100036,200100,INFLOW,7076.05,2025-11-01
3000421,100076,200033,INFLOW,4438.51,2024-07-01
3000422,100078,200022,OUTFLOW,10602.31,2025-11-27
3000423,100003,200036,INFLOW,2365.87,2026-07-31
3000424,100100,200067,INFLOW,5554.08,2026-01-29
3000425,100011,200088,OUTFLOW,5077.99,2026-01-04
3000426,100090,200070,OUTFLOW,3476.71,2025-02-04
3000427,100086,200015,INFLOW,11082.13,2026-05-06
3000428,100025,200035,OUTFLOW,7551.84,2025-11-26
3000429,100020,200083,OUTFLOW,14330.1,2026-06-11
3000430,100097,200020,INFLOW,9763.51,2025-09-11
3000431,100032,200023,OUTFLOW,8277.29,2026-02-19
3000432,100088,200065,OUTFLOW,8667.23,2024-08-06
3000433,100049,200062,OUTFLOW,4689.1,2025-10-04
3000434,100014,200093,OUTFLOW,14311.83,2024-11-13
3000435,100092,200065,INFLOW,14824.71,2026-02-11
3000436,100016,200028,OUTFLOW,6467.32,2024-07-11
3000437,100083,200011,INFLOW,776.76,2024-12-20
3000438,100034,200024,OUTFLOW,4492.16,2025-12-12
3000439,100081,200092,INFLOW,14397.41,2025-08-25
3000440,100048,200072,INFLOW,11795.39,2024-11-19
3000441,100056,200048,OUTFLOW,1450.14,2025-02-13
3000442,100027,200031,OUTFLOW,4422.43,2025-02-10
3000443,100023,200065,OUTFLOW,3271.19,2025-04-21
3000444,100072,200070,OUTFLOW,13721.98,2026-03-20
3000445,100066,200051,OUTFLOW,14844.19,2024-09-23
3000446,100090,200092,OUTFLOW,12993.02,2025-05-18
3000447,100061,200060,OUTFLOW,1646.03,2026-07-04
3000448,100052,200054,INFLOW,14829.36,2026-02-19
3000449,100097,200040,INFLOW,4394.51,2024-08-03
3000450,100071,200028,OUTFLOW,6640.48,2026-01-25
3000451,100067,200052,INFLOW,6371.0,2024-09-20
3000452,100077,200059,OUTFLOW,11764.51,2026-01-09
3000453,100045,200096,INFLOW,12224.9,2025-01-22
3000454,100051,200017,OUTFLOW,14012.55,2025-10-11
3000455,100056,200064,OUTFLOW,10966.73,2024-07-15
3000456,100089,200087,INFLOW,10167.85,2025-02-03
3000457,100024,200006,INFLOW,3495.77,2024-12-24
3000458,100017,200016,OUTFLOW,7005.83,2025-01-12
3000459,100034,200075,INFLOW,12524.31,2026-07-26
3000460,100017,200036,OUTFLOW,13608.85,2025-02-21
3000461,100058,200076,INFLOW,14412.41,2025-05-09
3000462,100098,200051,OUTFLOW,10653.12,2025-03-26
3000463,100077,200075,OUTFLOW,5811.91,2025-08-08
3000464,100034,200033,OUTFLOW,14672.5,2024-12-23
3000465,100056,200027,OUTFLOW,4892.24,2025-01-10
3000466,100049,200074,OUTFLOW,1523.12,2025-01-30
3000467,100008,200014,OUTFLOW,13383.96,2026-07-04
3000468,100025,200041,INFLOW,7002.86,2025-04-17
3000469,100027,200056,OUTFLOW,7518.44,2025-09-15
3000470,100079,200052,OUTFLOW,10547.15,2025-10-20
3000471,100082,200052,OUTFLOW,2832.82,2025-04-25
3000472,100080,200017,OUTFLOW,3972.81,2024-09-14
3000473,100072,200073,INFLOW,11995.64,2024-11-04
3000474,100001,200036,INFLOW,2244.94,2024-07-30
3000475,100022,200058,INFLOW,9105.63,2025-12-06
3000476,100023,200024,OUTFLOW,6940.65,2026-06-21
3000477,100087,200058,OUTFLOW,13528.98,2024-08-04
3000478,100098,200007,OUTFLOW,6701.35,2024-08-09
3000479,100081,200001,INFLOW,1580.95,2025-12-24
3000480,100003,200023,INFLOW,5677.43,2025-07-16
3000481,100100,200044,OUTFLOW,936.79,2025-10-09
3000482,100047,200097,OUTFLOW,6576.88,2024-12-12
3000483,100014,200004,INFLOW,4412.41,2025-04-29
3000484,100005,200027,INFLOW,4476.79,2025-01-06
3000485,100010,200090,OUTFLOW,13298.87,2026-04-15
3000486,100087,200014,INFLOW,11801.86,2025-01-16
3000487,100009,200096,INFLOW,14491.9,2025-03-14
3000488,100057,200095,INFLOW,12837.59,2025-03-17
3000489,100056,200045,INFLOW,7935.7,2025-10-06
3000490,100003,200014,OUTFLOW,5467.91,2026-04-23
3000491,100008,200043,OUTFLOW,14430.16,2026-07-02
3000492,100088,200028,OUTFLOW,9121.03,2024-11-15
3000493,100063,200033,INFLOW,8981.99,2026-07-30
3000494,100016,200003,OUTFLOW,13512.73,2024-11-10
3000495,100013,200082,OUTFLOW,1237.44,2026-07-06
3000496,100058,200016,OUTFLOW,2199.39,2026-07-11
3000497,100010,200027,OUTFLOW,12544.5,2024-10-31
3000498,100078,200043,OUTFLOW,12520.21,2026-03-23
3000499,100051,200066,OUTFLOW,11877.07,2026-02-03
3000500,100056,200029,OUTFLOW,6451.4,2025-11-12
3000501,100070,200007,INFLOW,9721.98,2025-06-26
3000502,100006,200035,OUTFLOW,11974.54,2024-10-19
3000503,100027,200064,INFLOW,14052.18,2025-05-07
3000504,100072,200024,INFLOW,7435.3,2025-11-13
3000505,100077,200091,INFLOW,11033.23,2025-01-14
3000506,100047,200002,OUTFLOW,3816.16,2025-04-27
3000507,100033,200072,INFLOW,11438.58,2025-08-03
3000508,100079,200033,OUTFLOW,9724.28,2026-07-22
3000509,100084,200004,OUTFLOW,14634.77,2025-09-20
3000510,100095,200057,OUTFLOW,7775.49,2024-07-29
3000511,100094,200058,INFLOW,1207.46,2026-08-05
3000512,100011,200055,INFLOW,3945.97,2026-03-20
3000513,100099,200056,OUTFLOW,8678.21,2025-01-31
3000514,100023,200003,INFLOW,3186.32,2025-09-10
3000515,100034,200068,INFLOW,5019.99,2026-06-17
3000516,100007,200005,OUTFLOW,10423.38,2025-03-23
3000517,100033,200039,INFLOW,5118.41,2026-04-21
3000518,100052,200038,INFLOW,6277.22,2025-11-03
3000519,100028,200045,INFLOW,3212.06,2026-03-20
3000520,100042,200062,OUTFLOW,3631.49,2024-11-30
3000521,100061,200009,OUTFLOW,4613.62,2025-06-01
3000522,100080,200078,OUTFLOW,8720.32,2026-08-13
3000523,100011,200081,OUTFLOW,9746.69,2025-05-19
3000524,100053,200012,INFLOW,7113.07,2025-01-18
3000525,100072,200059,OUTFLOW,5123.32,2026-08-01
3000526,100045,200076,OUTFLOW,7919.79,2024-12-16
3000527,100003,200002,INFLOW,13076.59,2024-11-24
3000528,100035,200043,OUTFLOW,12398.93,2026-07-29
3000529,100036,200006,OUTFLOW,2246.76,2024-11-28
3000530,100033,200094,INFLOW,7410.37,2026-04-05
3000531,100045,200058,INFLOW,10936.57,2025-08-13
3000532,100056,200055,OUTFLOW,1272.31,2025-11-21
3000533,100042,200035,INFLOW,12788.93,2024-09-03
3000534,100068,200001,OUTFLOW,12116.87,2026-05-12
3000535,100081,200088,OUTFLOW,1403.92,2026-04-27
3000536,100016,200067,INFLOW,14519.19,2025-05-17
3000537,100020,200052,OUTFLOW,13244.41,2024-12-02
3000538,100054,200088,OUTFLOW,6598.49,2024-11-21
3000539,100078,200053,INFLOW,9499.46,2025-03-29
3000540,100076,200010,OUTFLOW,6371.68,2024-08-05
3000541,100023,200066,OUTFLOW,8394.75,2026-06-12
3000542,100020,200034,OUTFLOW,9970.74,2024-10-16
3000543,100003,200008,INFLOW,3699.61,2025-05-08
3000544,100079,200100,INFLOW,10104.46,2024-09-18
3000545,100058,200091,OUTFLOW,11371.17,2024-12-10
3000546,100013,200082,OUTFLOW,6936.39,2025-01-17
3000547,100084,200091,OUTFLOW,7676.39,2026-05-27
3000548,100024,200054,OUTFLOW,10334.27,2026-03-14
3000549,100084,200084,INFLOW,3066.73,2026-05-17
3000550,100092,200093,OUTFLOW,736.64,2026-01-31
3000551,100030,200016,OUTFLOW,3802.3,2025-12-29
3000552,100005,200030,OUTFLOW,7991.4,2024-12-14
3000553,100087,200096,INFLOW,4127.34,2024-12-30
3000554,100088,200078,INFLOW,2603.47,2025-07-22
3000555,100040,200031,INFLOW,12394.25,2025-01-20
3000556,100084,200057,INFLOW,13711.48,2025-02-20
3000557,100027,200006,OUTFLOW,7203.25,2026-03-29
3000558,100037,200078,INFLOW,14431.94,2024-09-20
3000559,100012,200096,OUTFLOW,1014.44,2026-03-30
3000560,100010,200039,INFLOW,3409.11,2024-08-29
3000561,100034,200014,INFLOW,9810.28,2025-01-24
3000562,100048,200035,OUTFLOW,8266.24,2026-08-01
3000563,100053,200022,OUTFLOW,1180.11,2025-05-15
3000564,100095,200045,OUTFLOW,8993.61,2026-05-29
3000565,100003,200039,INFLOW,7410.53,2026-06-08
3000566,100035,200065,INFLOW,1576.17,2025-12-17
3000567,100074,200040,INFLOW,3229.25,2026-03-02
3000568,100072,200002,OUTFLOW,10024.77,2024-11-16
3000569,100084,200025,INFLOW,14830.83,2024-10-16
3000570,100069,200051,OUTFLOW,6871.07,2025-06-27
3000571,100050,200086,OUTFLOW,2857.87,2025-06-11
3000572,100088,200095,INFLOW,2905.31,2026-03-01
3000573,100037,200030,INFLOW,5536.83,2026-06-12
3000574,100078,200013,INFLOW,2815.99,2026-05-09
3000575,100020,200015,INFLOW,2378.24,2025-10-15
3000576,100084,200024,INFLOW,6324.64,2024-10-19
3000577,100005,200041,OUTFLOW,9981.98,2025-02-19
3000578,100090,200054,INFLOW,14504.24,2026-07-13
3000579,100066,200024,OUTFLOW,10034.34,2025-06-03
3000580,100007,200069,OUTFLOW,878.91,2024-07-04
3000581,100062,200074,INFLOW,14411.28,2024-11-20
3000582,100057,200061,INFLOW,10840.55,2024-09-17
3000583,100052,200052,INFLOW,12506.2,2026-03-21
3000584,100042,200085,OUTFLOW,7810.24,2025-12-07
3000585,100091,200030,INFLOW,14269.69,2025-04-26
3000586,100019,200033,OUTFLOW,10849.0,2026-07-06
3000587,100011,200060,INFLOW,14006.85,2025-06-18
3000588,100061,200007,INFLOW,3616.02,2024-11-03
3000589,100035,200001,INFLOW,1075.83,2024-07-24
3000590,100050,200069,INFLOW,10989.59,2025-02-23
3000591,100047,200052,INFLOW,10007.11,2026-01-15
3000592,100069,200047,INFLOW,3199.18,2025-08-01
3000593,100062,200062,OUTFLOW,7412.74,2025-05-10
3000594,100044,200010,OUTFLOW,10051.15,2024-08-26
3000595,100010,200026,OUTFLOW,12888.22,2026-06-10
3000596,100003,200018,INFLOW,9456.0,2026-06-11
3000597,100094,200042,INFLOW,14575.31,2025-08-03
3000598,100047,200028,INFLOW,5404.56,2025-12-05
3000599,100024,200097,INFLOW,5898.16,2025-02-15
3000600,100023,200069,INFLOW,8606.3,2024-12-27
3000601,100026,200003,OUTFLOW,8562.81,2025-12-25
3000602,100062,200014,OUTFLOW,13750.32,2026-07-18
3000603,100038,200008,INFLOW,3522.56,2025-03-13
3000604,100099,200043,OUTFLOW,13649.6,2025-12-26
3000605,100034,200066,INFLOW,1463.12,2025-02-25
3000606,100087,200071,INFLOW,6485.08,2024-07-16
3000607,100024,200084,INFLOW,13554.61,2026-04-18
3000608,100050,200070,OUTFLOW,3119.33,2025-01-20
3000609,100001,200033,OUTFLOW,625.9,2025-07-31
3000610,100064,200027,INFLOW,9456.3,2026-01-19
3000611,100009,200079,OUTFLOW,669.92,2025-09-01
3000612,100058,200090,INFLOW,6673.08,2024-12-25
3000613,100027,200044,OUTFLOW,13317.32,2025-07-04
3000614,100100,200039,OUTFLOW,11092.69,2025-09-24
3000615,100093,200005,OUTFLOW,558.57,2025-04-25
3000616,100076,200057,OUTFLOW,4247.84,2025-02-21
3000617,100047,200013,OUTFLOW,1730.85,2025-04-22
3000618,100052,200023,OUTFLOW,4498.01,2024-10-28
3000619,100096,200058,OUTFLOW,2439.31,2025-05-14
3000620,100072,200090,OUTFLOW,510.31,2025-11-11
3000621,100052,200027,OUTFLOW,5688.33,2025-03-21
3000622,100077,200046,OUTFLOW,11993.5,2025-03-05
3000623,100036,200096,INFLOW,11383.67,2026-05-27
3000624,100002,200040,INFLOW,8893.48,2025-11-12
3000625,100071,200028,INFLOW,1413.68,2025-01-22
3000626,100033,200075,OUTFLOW,9243.41,2024-11-06
3000627,100079,200090,INFLOW,13842.74,2026-07-30
3000628,100056,200031,OUTFLOW,4744.86,2026-07-28
3000629,100096,200077,INFLOW,2473.16,2025-04-28
3000630,100069,200091,OUTFLOW,543.45,2025-05-06
3000631,100050,200053,INFLOW,2055.16,2024-09-05
3000632,100100,200066,OUTFLOW,9650.76,2025-12-11
3000633,100074,200059,INFLOW,9716.7,2025-02-06
3000634,100060,200030,INFLOW,9666.9,2025-11-01
3000635,100070,200005,INFLOW,13088.34,2026-02-17
3000636,100094,200030,OUTFLOW,11431.19,2025-07-31
3000637,100054,200031,OUTFLOW,6134.07,2025-12-01
3000638,100011,200083,INFLOW,5771.89,2026-07-06
3000639,100036,200051,INFLOW,13172.26,2025-09-22
3000640,100025,200031,OUTFLOW,12881.15,2025-09-03
3000641,100006,200038,OUTFLOW,14120.12,2026-03-18
3000642,100059,200002,INFLOW,11749.2,2025-12-17
3000643,100037,200001,INFLOW,11080.34,2024-09-11
3000644,100048,200016,INFLOW,14419.23,2025-06-03
3000645,100027,200096,OUTFLOW,9308.55,2026-01-03
3000646,100017,200052,OUTFLOW,6171.91,2024-11-22
3000647,100060,200022,INFLOW,1702.09,2025-09-18
3000648,100048,200022,INFLOW,13416.86,2025-08-15
3000649,100017,200006,INFLOW,1671.88,2025-08-23
3000650,100073,200064,INFLOW,3491.61,2025-01-27
3000651,100009,200049,INFLOW,4786.11,2024-07-31
3000652,100097,200057,INFLOW,12438.11,2025-01-19
3000653,100007,200082,OUTFLOW,9399.47,2025-08-01
3000654,100003,200011,OUTFLOW,14020.98,2025-10-26
3000655,100016,200021,OUTFLOW,11080.98,2026-05-17
3000656,100033,200054,INFLOW,14840.89,2026-05-14
3000657,100085,200090,INFLOW,4948.34,2026-05-14
3000658,100093,200098,INFLOW,5121.63,2024-11-10
3000659,100076,200085,INFLOW,13634.5,2025-05-30
3000660,100040,200060,INFLOW,10319.63,2025-07-06
3000661,100007,200003,INFLOW,10492.42,2026-01-19
3000662,100003,200056,INFLOW,9608.72,2026-04-05
3000663,100030,200015,OUTFLOW,1562.76,2026-04-30
3000664,100002,200020,OUTFLOW,5550.34,2025-07-11
3000665,100091,200050,INFLOW,2963.21,2025-02-10
3000666,100019,200020,OUTFLOW,6371.4,2025-12-19
3000667,100048,200047,INFLOW,598.44,2025-05-23
3000668,100041,200013,OUTFLOW,4918.64,2025-08-28
3000669,100039,200003,OUTFLOW,13643.38,2026-04-22
3000670,100041,200022,INFLOW,4936.24,2025-05-28
3000671,100002,200051,INFLOW,9606.25,2024-07-29
3000672,100088,200057,OUTFLOW,1168.38,2026-05-26
3000673,100026,200056,OUTFLOW,14555.99,2025-11-08
3000674,100008,200074,OUTFLOW,7589.08,2026-05-22
3000675,100006,200041,INFLOW,10900.83,2024-10-12
3000676,100028,200034,OUTFLOW,9061.44,2025-06-10
3000677,100044,200070,INFLOW,14185.6,2025-10-28
3000678,100051,200050,OUTFLOW,4609.59,2025-01-26
3000679,100070,200035,OUTFLOW,4180.64,2024-07-10
3000680,100091,200013,INFLOW,4647.58,2026-01-29
3000681,100080,200083,OUTFLOW,1447.77,2026-06-06
3000682,100055,200070,OUTFLOW,12777.88,2024-12-03
3000683,100043,200089,INFLOW,8763.31,2026-05-31
3000684,100053,200013,INFLOW,2205.1,2026-03-31
3000685,100018,200032,OUTFLOW,12579.32,2025-06-29
3000686,100058,200041,INFLOW,3381.59,2025-04-04
3000687,100084,200032,OUTFLOW,3982.61,2024-12-15
3000688,100042,200005,INFLOW,11410.06,2025-12-26
3000689,100010,200035,INFLOW,3647.81,2025-06-10
3000690,100059,200058,INFLOW,4660.38,2024-08-18
3000691,100036,200001,OUTFLOW,4366.09,2024-08-29
3000692,100048,200003,INFLOW,9580.29,2024-12-31
3000693,100042,200048,OUTFLOW,12527.99,2025-09-07
3000694,100074,200087,OUTFLOW,10464.16,2025-10-26
3000695,100100,200008,OUTFLOW,8311.88,2025-05-05
3000696,100081,200009,INFLOW,9584.91,2024-08-24
3000697,100090,200022,OUTFLOW,1996.45,2026-01-22
3000698,100046,200064,INFLOW,6717.22,2025-09-17
3000699,100091,200061,OUTFLOW,3962.96,2026-04-24
3000700,100055,200021,INFLOW,967.23,2025-05-28
3000701,100011,200054,OUTFLOW,8299.56,2025-12-05
3000702,100094,200038,OUTFLOW,3354.8,2026-05-20
3000703,100024,200049,OUTFLOW,7078.44,2026-05-27
3000704,100095,200096,INFLOW,7651.72,2025-12-24
3000705,100069,200006,INFLOW,12415.1,2025-06-16
3000706,100009,200090,OUTFLOW,2960.41,2025-02-16
3000707,100086,200035,INFLOW,10159.56,2026-03-04
3000708,100078,200015,INFLOW,598.57,2026-01-03
3000709,100096,200006,OUTFLOW,13509.1,2025-06-27
3000710,100030,200098,OUTFLOW,11338.55,2025-06-09
3000711,100062,200093,OUTFLOW,11560.13,2026-05-23
3000712,100040,200094,INFLOW,3150.4,2025-05-29
3000713,100010,200065,OUTFLOW,12459.71,2026-06-15
3000714,100042,200061,OUTFLOW,3759.85,2024-08-12
3000715,100091,200036,INFLOW,3330.71,2024-09-29
3000716,100054,200089,OUTFLOW,2790.82,2024-12-28
3000717,100023,200028,INFLOW,11894.13,2025-01-05
3000718,100075,200051,OUTFLOW,3315.73,2025-03-23
3000719,100019,200078,OUTFLOW,9594.66,2026-04-10
3000720,100079,200019,INFLOW,9056.15,2026-05-23
3000721,100078,200006,OUTFLOW,3089.76,2025-12-10
3000722,100085,200075,INFLOW,6877.78,2025-04-21
3000723,100030,200076,OUTFLOW,12139.39,2026-07-02
3000724,100016,200084,INFLOW,2669.26,2026-02-17
3000725,100035,200010,INFLOW,13181.74,2025-01-15
3000726,100090,200090,INFLOW,4264.94,2026-06-07
3000727,100044,200056,INFLOW,7027.12,2025-05-21
3000728,100031,200027,INFLOW,9772.09,2026-04-07
3000729,100007,200087,INFLOW,7016.51,2024-12-05
3000730,100060,200028,OUTFLOW,4073.8,2025-09-12
3000731,100072,200046,INFLOW,11921.21,2026-05-14
3000732,100056,200040,OUTFLOW,12881.21,2025-02-05
3000733,100080,200067,INFLOW,3643.88,2025-05-30
3000734,100070,200079,INFLOW,14448.52,2024-07-02
3000735,100081,200092,INFLOW,13442.77,2025-08-14
3000736,100087,200061,INFLOW,6931.45,2026-04-06
3000737,100051,200015,OUTFLOW,8248.77,2026-02-10
3000738,100028,200080,INFLOW,12469.46,2026-01-01
3000739,100033,200019,INFLOW,14447.64,2025-09-23
3000740,100017,200087,INFLOW,4459.05,2026-08-09
3000741,100012,200096,INFLOW,3308.55,2026-03-17
3000742,100013,200019,INFLOW,3222.24,2024-10-18
3000743,100067,200035,OUTFLOW,4171.32,2024-10-12
3000744,100044,200100,INFLOW,12517.11,2026-06-10
3000745,100085,200098,OUTFLOW,9722.2,2025-01-16
3000746,100015,200002,OUTFLOW,5886.29,2024-11-26
3000747,100080,200074,OUTFLOW,10804.56,2026-08-12
3000748,100100,200029,OUTFLOW,13965.26,2026-01-09
3000749,100027,200001,INFLOW,8426.1,2026-03-19
3000750,100091,200066,INFLOW,5529.86,2025-07-11
3000751,100081,200066,OUTFLOW,14819.26,2024-11-22
3000752,100047,200096,INFLOW,12517.11,2026-01-20
3000753,100072,200062,OUTFLOW,4704.64,2024-08-20
3000754,100025,200026,OUTFLOW,3490.54,2024-07-03
3000755,100088,200037,INFLOW,4067.98,2026-04-05
3000756,100016,200097,INFLOW,14165.27,2026-06-21
3000757,100012,200015,OUTFLOW,4204.47,2026-01-23
3000758,100037,200030,OUTFLOW,6386.3,2025-07-02
3000759,100084,200028,OUTFLOW,7761.43,2025-07-04
3000760,100082,200008,INFLOW,14505.14,2025-09-29
3000761,100056,200026,OUTFLOW,1857.19,2024-07-22
3000762,100052,200011,INFLOW,8726.89,2025-01-03
3000763,100039,200027,INFLOW,4792.67,2025-09-16
3000764,100034,200089,OUTFLOW,4439.98,2026-06-04
3000765,100025,200093,INFLOW,11978.31,2024-09-05
3000766,100015,200018,OUTFLOW,4728.45,2025-06-26
3000767,100061,200093,INFLOW,13897.99,2025-05-27
3000768,100018,200040,OUTFLOW,3849.21,2026-04-16
3000769,100020,200054,INFLOW,1172.15,2025-11-02
3000770,100027,200031,OUTFLOW,1251.13,2025-08-12
3000771,100079,200055,OUTFLOW,2618.78,2024-07-23
3000772,100007,200001,INFLOW,1700.08,2025-01-03
3000773,100026,200020,INFLOW,3793.16,2024-07-06
3000774,100049,200008,INFLOW,3791.49,2026-02-03
3000775,100073,200034,OUTFLOW,9703.18,2025-03-04
3000776,100027,200060,INFLOW,1422.78,2025-04-14
3000777,100010,200098,OUTFLOW,1122.43,2026-04-10
3000778,100009,200036,INFLOW,9898.05,2024-09-15
3000779,100074,200032,INFLOW,11186.08,2025-10-25
3000780,100056,200011,INFLOW,8435.6,2026-02-12
3000781,100065,200012,INFLOW,14227.06,2025-04-26
3000782,100059,200076,OUTFLOW,10592.02,2024-08-30
3000783,100095,200044,OUTFLOW,10423.28,2025-04-27
3000784,100064,200003,INFLOW,1496.42,2025-05-16
3000785,100050,200002,INFLOW,12169.21,2025-03-18
3000786,100063,200052,INFLOW,12171.38,2026-06-18
3000787,100032,200060,INFLOW,2106.75,2025-02-20
3000788,100090,200060,INFLOW,11234.37,2025-09-27
3000789,100057,200035,INFLOW,10268.87,2025-05-14
3000790,100021,200043,OUTFLOW,13820.3,2025-05-30
3000791,100093,200002,INFLOW,7353.38,2025-06-21
3000792,100046,200019,OUTFLOW,13117.67,2024-09-07
3000793,100068,200063,INFLOW,9332.54,2024-07-13
3000794,100071,200064,OUTFLOW,3490.54,2025-12-18
3000795,100043,200093,INFLOW,11734.03,2025-11-14
3000796,100032,200093,OUTFLOW,751.98,2025-02-13
3000797,100045,200014,INFLOW,4177.43,2024-08-27
3000798,100073,200089,OUTFLOW,13050.59,2024-12-12
3000799,100099,200071,INFLOW,4364.59,2025-02-15
3000800,100052,200063,INFLOW,12122.81,2025-12-21
3000801,100023,200029,OUTFLOW,7071.27,2024-08-19
3000802,100014,200029,OUTFLOW,13155.32,2024-11-28
3000803,100055,200055,OUTFLOW,1709.13,2026-03-22
3000804,100059,200051,OUTFLOW,5048.19,2024-12-08
3000805,100089,200003,OUTFLOW,10751.24,2024-12-06
3000806,100036,200089,INFLOW,10113.6,2025-09-08
3000807,100068,200052,INFLOW,3346.96,2024-10-08
3000808,100070,200040,INFLOW,7346.67,2025-01-13
3000809,100066,200018,OUTFLOW,2174.54,2025-11-13
3000810,100001,200068,OUTFLOW,11662.67,2024-07-05
3000811,100051,200052,INFLOW,13867.95,2025-01-12
3000812,100033,200099,OUTFLOW,8074.83,2026-07-04
3000813,100054,200011,INFLOW,3706.0,2026-01-14
3000814,100027,200063,INFLOW,10883.93,2025-11-30
3000815,100076,200013,OUTFLOW,4760.56,2025-08-30
3000816,100088,200042,INFLOW,14225.87,2025-09-09
3000817,100097,200010,INFLOW,1390.6,2025-10-10
3000818,100054,200043,INFLOW,2511.94,2026-06-07
3000819,100009,200089,OUTFLOW,8939.21,2026-05-24
3000820,100061,200040,OUTFLOW,12830.97,2026-04-24
3000821,100100,200057,OUTFLOW,10054.92,2025-10-31
3000822,100089,200059,OUTFLOW,673.79,2025-11-19
3000823,100070,200040,OUTFLOW,13899.63,2025-09-24
3000824,100081,200076,INFLOW,5127.46,2026-02-02
3000825,100060,200074,INFLOW,8222.25,2025-10-20
3000826,100073,200004,INFLOW,3035.64,2025-12-07
3000827,100003,200084,INFLOW,2355.13,2024-10-28
3000828,100018,200096,OUTFLOW,12766.63,2024-07-20
3000829,100028,200036,INFLOW,6571.79,2024-09-18
3000830,100054,200079,OUTFLOW,5242.63,2025-10-21
3000831,100078,200059,OUTFLOW,8819.87,2025-08-08
3000832,100079,200029,INFLOW,5463.28,2024-10-06
3000833,100025,200013,OUTFLOW,13872.29,2026-03-14
3000834,100092,200030,INFLOW,8404.16,2025-07-12
3000835,100100,200083,OUTFLOW,3129.8,2025-03-05
3000836,100071,200094,OUTFLOW,9443.62,2026-05-29
3000837,100033,200020,INFLOW,11155.37,2025-10-24
3000838,100001,200003,OUTFLOW,5670.45,2025-05-24
3000839,100044,200045,OUTFLOW,2415.32,2024-09-07
3000840,100031,200013,INFLOW,14032.54,2026-06-23
3000841,100089,200021,OUTFLOW,11338.01,2025-06-28
3000842,100093,200062,INFLOW,3161.98,2025-03-10
3000843,100080,200093,INFLOW,9074.57,2025-02-06
3000844,100057,200064,INFLOW,10961.04,2025-01-22
3000845,100074,200081,OUTFLOW,1854.69,2026-06-18
3000846,100093,200038,OUTFLOW,9226.93,2026-04-29
3000847,100067,200067,OUTFLOW,8104.33,2026-08-13
3000848,100083,200086,INFLOW,2093.7,2025-05-11
3000849,100069,200066,INFLOW,1955.76,2024-08-10
3000850,100098,200013,INFLOW,10298.21,2025-12-23
3000851,100056,200015,INFLOW,11377.16,2025-07-30
3000852,100076,200052,OUTFLOW,2977.95,2025-09-01
3000853,100035,200026,INFLOW,3377.08,2026-03-18
3000854,100023,200020,OUTFLOW,1725.52,2026-08-04
3000855,100045,200090,INFLOW,4116.18,2025-12-15
3000856,100032,200044,INFLOW,11612.81,2026-07-18
3000857,100008,200092,OUTFLOW,969.86,2024-07-07
3000858,100053,200002,INFLOW,5089.6,2026-01-25
3000859,100076,200077,OUTFLOW,11821.06,2025-05-03
3000860,100032,200014,INFLOW,5446.99,2025-01-21
3000861,100046,200083,OUTFLOW,8422.81,2026-06-26
3000862,100017,200094,OUTFLOW,5449.18,2025-03-06
3000863,100008,200004,INFLOW,2007.5,2025-07-31
3000864,100033,200025,OUTFLOW,12725.62,2024-11-19
3000865,100014,200078,OUTFLOW,2340.1,2025-05-13
3000866,100074,200069,OUTFLOW,6051.65,2024-09-16
3000867,100004,200014,OUTFLOW,4406.65,2025-06-24
3000868,100042,200021,INFLOW,12109.82,2026-06-12
3000869,100080,200002,OUTFLOW,12783.4,2025-08-31
3000870,100073,200005,INFLOW,3773.17,2026-07-07
3000871,100081,200098,INFLOW,14953.84,2025-01-17
3000872,100008,200067,INFLOW,6477.28,2026-03-10
3000873,100092,200057,INFLOW,13190.17,2026-01-05
3000874,100006,200014,OUTFLOW,6273.6,2026-05-06
3000875,100054,200055,OUTFLOW,13804.73,2025-04-22
3000876,100081,200054,INFLOW,1734.46,2026-01-19
3000877,100095,200074,OUTFLOW,1873.89,2025-03-13
3000878,100056,200032,INFLOW,14729.72,2025-10-03
3000879,100062,200007,INFLOW,10802.79,2026-06-28
3000880,100022,200068,INFLOW,6868.45,2025-05-16
3000881,100075,200042,OUTFLOW,9667.02,2026-02-07
3000882,100078,200088,INFLOW,8138.21,2026-05-03
3000883,100055,200062,INFLOW,6320.89,2024-11-03
3000884,100025,200039,OUTFLOW,3009.95,2024-12-13
3000885,100015,200001,INFLOW,5349.92,2024-08-20
3000886,100048,200002,INFLOW,1618.67,2026-06-24
3000887,100035,200063,OUTFLOW,674.1,2025-12-25
3000888,100015,200004,INFLOW,7089.28,2026-07-22
3000889,100049,200073,OUTFLOW,7746.69,2024-09-27
3000890,100028,200050,OUTFLOW,13858.69,2025-05-19
3000891,100058,200061,INFLOW,6078.66,2026-07-22
3000892,100027,200068,INFLOW,4521.31,2026-02-20
3000893,100022,200080,OUTFLOW,7775.05,2026-03-04
3000894,100024,200081,INFLOW,11244.28,2025-04-14
3000895,100069,200020,INFLOW,10865.02,2025-06-19
3000896,100036,200020,INFLOW,12909.35,2025-08-30
3000897,100067,200099,OUTFLOW,3956.04,2025-09-21
3000898,100003,200004,OUTFLOW,14734.77,2025-04-29
3000899,100009,200016,OUTFLOW,9451.26,2025-04-28
3000900,100065,200021,OUTFLOW,4567.73,2024-08-27
3000901,100009,200044,INFLOW,12745.07,2024-09-05
3000902,100077,200032,INFLOW,890.27,2025-09-16
3000903,100071,200081,OUTFLOW,8025.03,2025-08-31
3000904,100083,200023,OUTFLOW,11147.33,2026-03-18
3000905,100092,200096,INFLOW,5212.16,2024-09-28
3000906,100076,200073,INFLOW,517.63,2025-11-04
3000907,100068,200041,INFLOW,14019.69,2026-08-11
3000908,100088,200001,INFLOW,7972.73,2024-12-19
3000909,100076,200020,INFLOW,14398.14,2025-02-09
3000910,100036,200072,OUTFLOW,10926.59,2025-05-10
3000911,100079,200061,OUTFLOW,5570.29,2025-10-04
3000912,100029,200089,INFLOW,9168.97,2025-08-15
3000913,100034,200059,OUTFLOW,10983.77,2026-07-08
3000914,100044,200097,INFLOW,6123.72,2026-01-21
3000915,100094,200056,OUTFLOW,9821.71,2025-03-08
3000916,100001,200090,INFLOW,7490.43,2025-07-23
3000917,100075,200090,OUTFLOW,6892.28,2025-04-16
3000918,100017,200018,INFLOW,6528.23,2024-07-02
3000919,100019,200049,OUTFLOW,4024.54,2025-03-29
3000920,100021,200052,OUTFLOW,3539.26,2025-10-20
3000921,100008,200082,OUTFLOW,2728.77,2026-03-25
3000922,100077,200075,OUTFLOW,10048.5,2025-12-01
3000923,100038,200001,OUTFLOW,7716.3,2024-09-30
3000924,100023,200077,OUTFLOW,6109.65,2025-12-21
3000925,100092,200003,INFLOW,11485.46,2025-02-20
3000926,100058,200083,OUTFLOW,10442.29,2026-07-17
3000927,100013,200041,OUTFLOW,3298.06,2025-07-30
3000928,100030,200030,INFLOW,963.95,2025-10-18
3000929,100040,200092,INFLOW,12319.53,2024-12-25
3000930,100038,200082,OUTFLOW,7991.65,2026-01-17
3000931,100077,200093,INFLOW,10472.38,2024-10-26
3000932,100057,200062,INFLOW,7319.85,2024-08-23
3000933,100027,200033,INFLOW,3248.56,2025-12-15
3000934,100009,200099,OUTFLOW,12710.16,2024-08-29
3000935,100001,200065,INFLOW,1649.52,2025-03-30
3000936,100034,200094,INFLOW,8081.02,2026-02-03
3000937,100071,200017,OUTFLOW,3791.67,2024-11-04
3000938,100086,200020,OUTFLOW,2852.94,2026-05-21
3000939,100002,200076,INFLOW,8406.38,2026-07-24
3000940,100056,200079,INFLOW,8948.31,2024-07-22
3000941,100036,200056,OUTFLOW,13060.32,2025-05-10
3000942,100040,200057,INFLOW,13198.85,2025-04-13
3000943,100046,200077,INFLOW,4022.0,2026-02-02
3000944,100095,200071,INFLOW,8997.21,2025-02-22
3000945,100012,200069,OUTFLOW,10819.83,2025-01-22
3000946,100089,200001,INFLOW,14004.09,2024-10-29
3000947,100079,200067,INFLOW,12761.11,2026-04-06
3000948,100050,200051,INFLOW,4514.13,2026-06-22
3000949,100056,200042,INFLOW,14051.78,2026-08-04
3000950,100052,200043,OUTFLOW,9231.01,2025-12-04
3000951,100054,200092,INFLOW,13594.4,2026-08-02
3000952,100003,200014,INFLOW,7628.05,2025-10-23
3000953,100074,200005,OUTFLOW,2663.23,2025-05-30
3000954,100001,200067,OUTFLOW,14563.89,2026-01-26
3000955,100026,200051,OUTFLOW,13305.49,2024-07-17
3000956,100043,200070,INFLOW,8932.01,2026-06-11
3000957,100046,200045,OUTFLOW,3902.5,2026-07-28
3000958,100062,200013,OUTFLOW,9181.42,2025-07-12
3000959,100066,200069,INFLOW,6424.02,2025-01-20
3000960,100075,200071,OUTFLOW,7545.84,2026-06-20
3000961,100088,200075,INFLOW,12005.99,2026-02-08
3000962,100026,200086,INFLOW,3074.35,2025-10-10
3000963,100067,200096,OUTFLOW,4387.48,2025-01-30
3000964,100098,200071,INFLOW,522.86,2026-07-07
3000965,100079,200005,INFLOW,5809.3,2024-09-24
3000966,100054,200088,OUTFLOW,7527.19,2025-09-15
3000967,100004,200087,OUTFLOW,11406.17,2026-08-04
3000968,100080,200099,OUTFLOW,14245.97,2025-01-02
3000969,100013,200066,INFLOW,10193.68,2026-02-22
3000970,100077,200025,OUTFLOW,3040.34,2024-11-01
3000971,100044,200002,OUTFLOW,3626.53,2024-08-19
3000972,100085,200028,INFLOW,5540.71,2025-01-21
3000973,100091,200068,OUTFLOW,3690.04,2025-04-30
3000974,100072,200039,INFLOW,5218.12,2024-09-02
3000975,100026,200054,OUTFLOW,14320.35,2025-03-18
3000976,100005,200083,OUTFLOW,7173.63,2026-08-03
3000977,100016,200022,OUTFLOW,1829.66,2025-11-11
3000978,100001,200069,OUTFLOW,1113.3,2025-06-28
3000979,100049,200052,OUTFLOW,718.01,2026-07-20
3000980,100052,200052,INFLOW,6679.26,2026-03-27
3000981,100086,200051,INFLOW,6612.97,2024-09-10
3000982,100027,200061,OUTFLOW,13672.93,2026-02-18
3000983,100010,200030,INFLOW,6555.65,2025-09-26
3000984,100055,200017,OUTFLOW,9322.15,2024-11-05
3000985,100023,200025,INFLOW,3223.29,2026-07-13
3000986,100048,200033,OUTFLOW,14257.54,2024-07-30
3000987,100041,200068,OUTFLOW,14029.38,2026-06-02
3000988,100065,200077,OUTFLOW,2896.11,2024-09-27
3000989,100057,200086,OUTFLOW,11524.92,2026-04-28
3000990,100004,200067,INFLOW,2757.61,2025-08-09
3000991,100051,200047,OUTFLOW,1073.46,2026-03-06
3000992,100025,200080,OUTFLOW,2634.08,2024-07-15
3000993,100063,200013,INFLOW,10314.09,2024-10-15
3000994,100004,200003,INFLOW,3936.52,2025-03-08
3000995,100014,200044,OUTFLOW,9033.47,2024-11-15
3000996,100077,200098,INFLOW,13590.61,2026-07-31
3000997,100020,200072,OUTFLOW,6484.49,2025-02-10
3000998,100008,200039,INFLOW,9791.74,2026-06-01
3000999,100096,200027,INFLOW,13975.34,2026-07-20
3001000,100084,200049,OUTFLOW,2612.9,2025-07-01
